{"ecmp_stddev_gbps": 1.4778820247048319, "ecmp_mean_gbps": 6.775571453114463, "gff_stddev_gbps": 1.0312238686600232, "gff_mean_gbps": 6.572625986904509}