{"ecmp_stddev_gbps": 3.7844550837002853, "ecmp_mean_gbps": 6.681649676568537, "gff_stddev_gbps": 8.041622039229224e-05, "gff_mean_gbps": 0.00023075079875927235}