{"ecmp_stddev_gbps": 1.7569312009556934, "ecmp_mean_gbps": 7.369606727908151, "gff_stddev_gbps": 2.4413638699486766, "gff_mean_gbps": 12.055801612353655}