{"ecmp_stddev_gbps": 0.9089468914811438, "ecmp_mean_gbps": 6.97488564299319, "gff_stddev_gbps": 0.8437899066095178, "gff_mean_gbps": 5.8978676920460895}