{"ecmp_stddev_gbps": 9.410629062971972e-05, "ecmp_mean_gbps": 0.0002682622371745507, "gff_stddev_gbps": 8.614304711630342e-05, "gff_mean_gbps": 0.0002189915524605613}