{"ecmp_stddev_gbps": 8.551854909168284e-05, "ecmp_mean_gbps": 0.0002542602709605243, "gff_stddev_gbps": 8.824419954205663e-05, "gff_mean_gbps": 0.0002433688854431934}