{"ecmp_stddev_gbps": 0.6977148371097447, "ecmp_mean_gbps": 6.9588268134839915, "gff_stddev_gbps": 0.587397862399349, "gff_mean_gbps": 7.47161223578785}