{"gff_stddev_gbps": 0.6807945605225985, "none_mean_gbps": 12.612777525675112, "none_stddev_gbps": 0.4842565925658214, "ecmp_mean_gbps": 13.435831437979573, "gff_mean_gbps": 12.630795414136452, "ecmp_stddev_gbps": 0.45871700428136575}