{"gff_stddev_gbps": 0.4062887510611423, "none_mean_gbps": 11.960496489030731, "none_stddev_gbps": 0.5075180040743277, "ecmp_mean_gbps": 11.687505350271532, "gff_mean_gbps": 13.537382731714384, "ecmp_stddev_gbps": 0.7160890464911187}