{"ecmp_stddev_gbps": 1.3671867975906857, "ecmp_mean_gbps": 10.310281315639816, "gff_stddev_gbps": 1.4519071264059913, "gff_mean_gbps": 11.418056250944632}