{"ecmp_stddev_gbps": 1.3635929441009897, "ecmp_mean_gbps": 10.364158033750071, "gff_stddev_gbps": 2.8441250209197295, "gff_mean_gbps": 10.962491469880895}