{"gff_stddev_gbps": 0.5863339972605809, "none_mean_gbps": 14.8595017379443, "none_stddev_gbps": 0.59876558604266, "ecmp_mean_gbps": 14.730217452326526, "gff_mean_gbps": 14.77768533987031, "ecmp_stddev_gbps": 0.47663836246884905}