{"gff_stddev_gbps": 0.5050844296886424, "none_mean_gbps": 15.084555781380999, "none_stddev_gbps": 0.5614064531717536, "ecmp_mean_gbps": 14.919180461999984, "gff_mean_gbps": 14.603330199357677, "ecmp_stddev_gbps": 0.8768046968378721}