{"ecmp_stddev_gbps": 0.7272276013219092, "ecmp_mean_gbps": 7.508792844939527, "gff_stddev_gbps": 0.6466537777856487, "gff_mean_gbps": 10.750776109831671}