{"gff_stddev_gbps": 0.5758225574993631, "none_mean_gbps": 14.924701127299423, "none_stddev_gbps": 0.47792163219283285, "ecmp_mean_gbps": 12.695661563235403, "gff_mean_gbps": 13.786738857802867, "ecmp_stddev_gbps": 0.8201433467994642}