{"ecmp_stddev_gbps": 1.7318642437636527, "ecmp_mean_gbps": 9.727047373753718, "gff_stddev_gbps": 2.5084592837586204, "gff_mean_gbps": 11.015616227878846}