{"ecmp_stddev_gbps": 0.8845917495453551, "ecmp_mean_gbps": 7.618296587943768, "gff_stddev_gbps": 0.6277396140577912, "gff_mean_gbps": 7.650408199855002}