{"ecmp_stddev_gbps": 1.516593991515832, "ecmp_mean_gbps": 11.537443447096715, "gff_stddev_gbps": 1.1835302288875051, "gff_mean_gbps": 11.090246213957428}