{"ecmp_stddev_gbps": 0.7147633163413628, "ecmp_mean_gbps": 7.052952213386489, "gff_stddev_gbps": 0.8751958601067151, "gff_mean_gbps": 8.067894463609957}