{"ecmp_stddev_gbps": 0.6685868679826998, "ecmp_mean_gbps": 6.855248597248311, "gff_stddev_gbps": 0.5868812554247823, "gff_mean_gbps": 6.427233226443399}