{"ecmp_stddev_gbps": 0.7158894075473712, "ecmp_mean_gbps": 6.628006545393216, "gff_stddev_gbps": 0.5643912077226249, "gff_mean_gbps": 8.269399554190187}