{"gff_stddev_gbps": 0.7430518126492107, "none_mean_gbps": 14.543099631550149, "none_stddev_gbps": 0.8474133014845308, "ecmp_mean_gbps": 14.979328958293681, "gff_mean_gbps": 13.816705087728238, "ecmp_stddev_gbps": 0.7232062904677723}