{"ecmp_stddev_gbps": 0.5507783578698757, "ecmp_mean_gbps": 4.801020314244601, "gff_stddev_gbps": 0.5535066875815047, "gff_mean_gbps": 7.16638956309196}